Unnamed: 0,Track,Unnamed: 2,Time+Video,Player,Nation,Date,Duration,Character,Vehicle,Tires,Glider,Splits
,Mario Kart Stadium150cc  200cc,Mario Kart Stadium150cc  200cc,"1'33""966",Byron,,2024-12-08,419,Yoshi,Cat Cruiser,Cushion,Paper Glider,
,Mario Kart Stadium150cc  200cc,Mario Kart Stadium150cc  200cc,"1'06""993",JenZua,,2024-10-27,461,Red Yoshi,Teddy Buggy,Azure Roller,Paper Glider,
,Water Park150cc  200cc,Water Park150cc  200cc,"1'38""763",Vincent,,2025-05-28,248,Light-blue Yoshi,Mr. Scooty,Azure Roller,Paper Glider,
,Water Park150cc  200cc,Water Park150cc  200cc,"1'10""331",Army,,2025-12-07,55,Luigi,Inkstriker,Azure Roller,Paper Glider,
,Sweet Sweet Canyon150cc  200cc,Sweet Sweet Canyon150cc  200cc,"1'47""708",Vincent,,2025-04-02,304,Light-blue Yoshi,Mr. Scooty,Azure Roller,Paper Glider,
,Sweet Sweet Canyon150cc  200cc,Sweet Sweet Canyon150cc  200cc,"1'20""698",Technical,,2025-01-15,381,Yoshi,Biddybuggy,Roller,Paper Glider,
,Thwomp Ruins150cc  200cc,Thwomp Ruins150cc  200cc,"1'46""988",Alberto,,2025-05-15,261,Light-blue Yoshi,Mr. Scooty,Azure Roller,Paper Glider,
,Thwomp Ruins150cc  200cc,Thwomp Ruins150cc  200cc,"1'15""654",Alberto,,2024-03-16,686,Kamek,Mach 8,Roller,Parachute,
,Mario Circuit150cc  200cc,Mario Circuit150cc  200cc,"1'43""723",Vincent,,2024-04-15,656,Pink Yoshi,Biddybuggy,Azure Roller,Paper Glider,
,Mario Circuit150cc  200cc,Mario Circuit150cc  200cc,"1'12""617",ろーる,,2025-04-25,281,Heavy Mii Moo Moo,Mach 8,Slim,Paper Glider,
,Toad Harbor150cc  200cc,Toad Harbor150cc  200cc,"2'01""498",なすの,,2024-06-09,601,Orange Yoshi,Varmint,Azure Roller,Paper Glider,
,Toad Harbor150cc  200cc,Toad Harbor150cc  200cc,"1'25""990",Army,,2025-09-29,124,Heavy Mii Cheep Cheep,B Dasher,Crimson Slim,Super Glider,
,Twisted Mansion150cc  200cc,Twisted Mansion150cc  200cc,"1'53""210",Vincent,,2024-08-03,546,Pink Yoshi,Mr. Scooty,Azure Roller,Paper Glider,
,Twisted Mansion150cc  200cc,Twisted Mansion150cc  200cc,"1'21""982",grace,,2023-04-09,1028,Heavy Mii Bowser,Yoshi Bike,Wood,Paper Glider,
,Shy Guy Falls150cc  200cc,Shy Guy Falls150cc  200cc,"1'55""171",Yerson,,2024-08-20,529,Blue Yoshi,Teddy Buggy,Azure Roller,Paper Glider,
,Shy Guy Falls150cc  200cc,Shy Guy Falls150cc  200cc,"1'25""553",Army,,2025-10-11,112,Luigi,Inkstriker,Crimson Slim,Paper Glider,
,Sunshine Airport150cc  200cc,Sunshine Airport150cc  200cc,"1'56""971",Vincent,,2024-05-04,637,Pink Yoshi,Teddy Buggy,Azure Roller,Paper Glider,
,Sunshine Airport150cc  200cc,Sunshine Airport150cc  200cc,"1'27""688",Alberto,,2025-06-04,241,Luigi,Teddy Buggy,Azure Roller,Paper Glider,
,Dolphin Shoals150cc  200cc,Dolphin Shoals150cc  200cc,"1'51""943",のり,,2025-05-25,251,White Yoshi,Streetle,Azure Roller,Paper Glider,
,Dolphin Shoals150cc  200cc,Dolphin Shoals150cc  200cc,"1'21""723",Alberto,,2025-12-05,57,Light-blue Yoshi,Streetle,Azure Roller,Paper Glider,
,Electrodrome150cc  200cc,Electrodrome150cc  200cc,"1'55""086",Alberto,,2024-04-26,645,White Yoshi,Biddybuggy,Azure Roller,Paper Glider,
,Electrodrome150cc  200cc,Electrodrome150cc  200cc,"1'21""669",Alberto,,2024-04-18,653,Luigi,Inkstriker,Crimson Slim,Paper Glider,
,Mount Wario150cc  200cc,Mount Wario150cc  200cc,"1'40""269",F。,,2025-03-30,307,Black Yoshi,Biddybuggy,Azure Roller,Paper Glider,
,Mount Wario150cc  200cc,Mount Wario150cc  200cc,"1'14""991",Alberto,,2024-09-03,515,King Boo,Inkstriker,Azure Roller,Paper Glider,
,Cloudtop Cruise150cc  200cc,Cloudtop Cruise150cc  200cc,"1'59""262",F。,,2024-02-26,705,Black Yoshi,Inkstriker,Azure Roller,Paper Glider,
,Cloudtop Cruise150cc  200cc,Cloudtop Cruise150cc  200cc,"1'28""709",Alberto,,2024-10-08,480,Heavy Mii Toadette,Teddy Buggy,Azure Roller,Paper Glider,
,Bone-Dry Dunes150cc  200cc,Bone-Dry Dunes150cc  200cc,"1'46""382",Army,,2024-11-24,433,Pink Yoshi,Biddybuggy,Azure Roller,Paper Glider,
,Bone-Dry Dunes150cc  200cc,Bone-Dry Dunes150cc  200cc,"1'19""265",Panda,,2024-01-09,753,Ludwig,Teddy Buggy,Azure Roller,Paper Glider,
,Bowser's Castle150cc  200cc,Bowser's Castle150cc  200cc,"1'57""655",Vincent,,2023-04-20,1017,Red Yoshi,Biddybuggy,Azure Roller,Paper Glider,
,Bowser's Castle150cc  200cc,Bowser's Castle150cc  200cc,"1'25""568",Vincent,,2024-06-21,589,Luigi,Inkstriker,Crimson Slim,Paper Glider,
,Rainbow Road150cc  200cc,Rainbow Road150cc  200cc,"1'58""302",Alberto,,2024-09-23,495,Light-blue Yoshi,Biddybuggy,Azure Roller,Paper Glider,
,Rainbow Road150cc  200cc,Rainbow Road150cc  200cc,"1'31""433",Technical,,2024-11-22,435,Luigi,Biddybuggy,Azure Roller,Paper Glider,
,Wii Moo Moo Meadows150cc  200cc,Wii Moo Moo Meadows150cc  200cc,"1'23""402",Vincent,,2024-07-21,559,Yellow Yoshi,Biddybuggy,Azure Roller,Parachute,
,Wii Moo Moo Meadows150cc  200cc,Wii Moo Moo Meadows150cc  200cc,"0'58""418",Albert,,2024-06-30,580,Heavy Mii Moo Moo,Circuit Special,Slim,Super Glider,
,GBA Mario Circuit150cc  200cc,GBA Mario Circuit150cc  200cc,"1'22""860",もぺち,,2024-11-01,456,Light-blue Yoshi,Biddybuggy,Azure Roller,Paper Glider,
,GBA Mario Circuit150cc  200cc,GBA Mario Circuit150cc  200cc,"0'59""862",StervtL,,2025-05-06,270,Kamek,Inkstriker,Crimson Slim,Paper Glider,
,DS Cheep Cheep Beach150cc  200cc,DS Cheep Cheep Beach150cc  200cc,"1'46""080",Vincent,,2024-01-01,761,Light-blue Yoshi,Biddybuggy,Azure Roller,Paper Glider,
,DS Cheep Cheep Beach150cc  200cc,DS Cheep Cheep Beach150cc  200cc,"1'15""077",Vincent,,2025-09-01,152,Light-blue Yoshi,Landship,Azure Roller,Paper Glider,
,N64 Toad's Turnpike150cc  200cc,N64 Toad's Turnpike150cc  200cc,"1'45""161",Vincent,,2025-04-08,298,Light-blue Yoshi,Mr. Scooty,Azure Roller,Paper Glider,
,N64 Toad's Turnpike150cc  200cc,N64 Toad's Turnpike150cc  200cc,"1'12""049",ゆず,,2025-02-20,345,Wario,Sport Bike,Metal,Gold Glider,
,GCN Dry Dry Desert150cc  200cc,GCN Dry Dry Desert150cc  200cc,"1'51""955",Vincent,,2024-12-14,413,Yellow Yoshi,Biddybuggy,Azure Roller,Paper Glider,
,GCN Dry Dry Desert150cc  200cc,GCN Dry Dry Desert150cc  200cc,"1'16""879",Panda,,2023-08-23,892,Yellow Yoshi,Streetle,Retro Off-Road,Paper Glider,
,SNES Donut Plains 3150cc  200cc,SNES Donut Plains 3150cc  200cc,"1'12""432",Army,,2025-09-27,126,Pink Yoshi,Mr. Scooty,Azure Roller,Paper Glider,
,SNES Donut Plains 3150cc  200cc,SNES Donut Plains 3150cc  200cc,"0'55""241",JenZua,,2022-11-02,1186,Baby Daisy,Biddybuggy,Azure Roller,Paper Glider,
,N64 Royal Raceway150cc  200cc,N64 Royal Raceway150cc  200cc,"1'54""652",Vincent,,2024-09-03,515,Pink Yoshi,Teddy Buggy,Roller,Paper Glider,
,N64 Royal Raceway150cc  200cc,N64 Royal Raceway150cc  200cc,"1'23""314",Vincent,,2024-08-08,541,Luigi,Teddy Buggy,Crimson Slim,Super Glider,
,3DS DK Jungle150cc  200cc,3DS DK Jungle150cc  200cc,"1'59""979",Alberto,,2024-08-21,528,Yellow Yoshi,Teddy Buggy,Azure Roller,Paper Glider,
,3DS DK Jungle150cc  200cc,3DS DK Jungle150cc  200cc,"1'26""667",Zae,,2026-01-23,8,Luigi,Teddy Buggy,Azure Roller,Paper Glider,
,DS Wario Stadium150cc  200cc,DS Wario Stadium150cc  200cc,"1'49""727",くぜろ,,2025-11-02,90,Light-blue Yoshi,Teddy Buggy,Azure Roller,Paper Glider,
,DS Wario Stadium150cc  200cc,DS Wario Stadium150cc  200cc,"1'21""064",Pii,,2025-04-13,293,Luigi,Teddy Buggy,Azure Roller,Paper Glider,
,GCN Sherbet Land150cc  200cc,GCN Sherbet Land150cc  200cc,"1'46""298",Alberto,,2024-01-25,737,Birdo (Light Blue),Biddybuggy,Azure Roller,Paper Glider,
,GCN Sherbet Land150cc  200cc,GCN Sherbet Land150cc  200cc,"1'16""130",Alberto,,2023-10-18,836,White Yoshi,Koopa Clown,Sponge,Paper Glider,
,3DS Music Park150cc  200cc,3DS Music Park150cc  200cc,"1'49""681",Vincent,,2025-04-14,292,Yellow Yoshi,Biddybuggy,Azure Roller,Paper Glider,
,3DS Music Park150cc  200cc,3DS Music Park150cc  200cc,"1'23""309",Alberto,,2023-09-27,857,Rosalina,W 25 Silver Arrow,Azure Roller,Super Glider,
,N64 Yoshi Valley150cc  200cc,N64 Yoshi Valley150cc  200cc,"1'57""408",Vincent,,2025-05-09,267,Yellow Yoshi,Biddybuggy,Azure Roller,Paper Glider,
,N64 Yoshi Valley150cc  200cc,N64 Yoshi Valley150cc  200cc,"1'23""992",Alberto,,2024-04-26,645,White Yoshi,Pipe Frame,Slim,Super Glider,
,DS Tick-Tock Clock150cc  200cc,DS Tick-Tock Clock150cc  200cc,"1'40""997",ありす,,2024-05-07,634,Light-blue Yoshi,Biddybuggy,Roller,Flower Glider,
,DS Tick-Tock Clock150cc  200cc,DS Tick-Tock Clock150cc  200cc,"1'12""658",Army,,2024-12-18,409,Pink Yoshi,Pipe Frame,Azure Roller,Paper Glider,
,DS Tick-Tock Clock150cc  200cc,DS Tick-Tock Clock150cc  200cc,"1'12""658",Vincent,,2025-09-22,131,Peach,Pipe Frame,Azure Roller,Parachute,
,3DS Piranha Plant Slide150cc  200cc,3DS Piranha Plant Slide150cc  200cc,"1'57""797",Pii,,2025-09-25,128,Black Yoshi,Biddybuggy,Azure Roller,Paper Glider,
,3DS Piranha Plant Slide150cc  200cc,3DS Piranha Plant Slide150cc  200cc,"1'25""870",Pii,,2025-10-09,114,Iggy,Mach 8,Crimson Slim,Cloud Glider,
,Wii Grumble Volcano150cc  200cc,Wii Grumble Volcano150cc  200cc,"1'51""801",Acty,,2025-11-14,78,Daisy,Teddy Buggy,Azure Roller,Cloud Glider,
,Wii Grumble Volcano150cc  200cc,Wii Grumble Volcano150cc  200cc,"1'21""080",Panda,,2025-06-07,238,Yellow Yoshi,Varmint,Azure Roller,Paper Glider,
,N64 Rainbow Road150cc  200cc,N64 Rainbow Road150cc  200cc,"1'19""122",Vincent,,2026-01-17,14,Pink Yoshi,Biddybuggy,Azure Roller,Paper Glider,
,N64 Rainbow Road150cc  200cc,N64 Rainbow Road150cc  200cc,"0'56""335",kwartz,,2024-03-29,673,Dry Bowser,Mach 8,Leaf Tires,Paper Glider,
,GCN Yoshi Circuit150cc  200cc,GCN Yoshi Circuit150cc  200cc,"1'41""072",Vincent,,2025-01-23,373,Yellow Yoshi,Mr. Scooty,Azure Roller,Paper Glider,
,GCN Yoshi Circuit150cc  200cc,GCN Yoshi Circuit150cc  200cc,"1'12""924",Army,,2024-11-09,448,Dry Bones,Mr. Scooty,Azure Roller,Paper Glider,
,Excitebike Arena150cc  200cc,Excitebike Arena150cc  200cc,"1'38""149",Pii,,2026-01-28,3,White Yoshi,Biddybuggy,Azure Roller,Cloud Glider,
,Excitebike Arena150cc  200cc,Excitebike Arena150cc  200cc,"1'13""803",ろーる,,2024-11-10,447,Luigi,Pipe Frame,Azure Roller,Paper Glider,
,Dragon Driftway150cc  200cc,Dragon Driftway150cc  200cc,"1'39""717",Vincent,,2025-05-17,259,Pink Yoshi,Biddybuggy,Azure Roller,Paper Glider,
,Dragon Driftway150cc  200cc,Dragon Driftway150cc  200cc,"1'15""957",Army,,2024-10-26,462,Dry Bones,Biddybuggy,Leaf Tires,Flower Glider,
,Mute City150cc  200cc,Mute City150cc  200cc,"1'50""788",StervtL,,2023-12-18,775,Kamek,Mach 8,Leaf Tires,Paper Glider,
,Mute City150cc  200cc,Mute City150cc  200cc,"1'20""588",Pii,,2023-08-05,910,Heavy Mii Cpt Falcon,Mach 8,Wood,Cloud Glider,
,Wii Wario's Gold Mine150cc  200cc,Wii Wario's Gold Mine150cc  200cc,"2'01""373",Vincent,,2023-08-22,893,White Yoshi,Biddybuggy,Azure Roller,Paper Glider,
,Wii Wario's Gold Mine150cc  200cc,Wii Wario's Gold Mine150cc  200cc,"1'24""704",Pii,,2025-03-01,336,Heavy Mii Dry Bowser,Mach 8,Crimson Slim,Plane Glider,
,SNES Rainbow Road150cc  200cc,SNES Rainbow Road150cc  200cc,"1'25""569",Vincent,,2024-02-11,720,Light-blue Yoshi,Pipe Frame,Azure Roller,Paper Glider,
,SNES Rainbow Road150cc  200cc,SNES Rainbow Road150cc  200cc,"1'01""785",Alberto,,2025-01-30,366,Yellow Yoshi,Pipe Frame,Azure Roller,Bowser Kite,
,Ice Ice Outpost150cc  200cc,Ice Ice Outpost150cc  200cc,"1'44""242",Alberto,,2025-01-06,390,Light-blue Yoshi,Biddybuggy,Azure Roller,Paper Glider,
,Ice Ice Outpost150cc  200cc,Ice Ice Outpost150cc  200cc,"1'16""585",Alberto,,2025-03-21,316,Link,Koopa Clown,GLA Tires,Paper Glider,
,Hyrule Circuit150cc  200cc,Hyrule Circuit150cc  200cc,"1'46""665",エル,,2024-10-30,458,Yellow Yoshi,Teddy Buggy,Azure Roller,Paper Glider,
,Hyrule Circuit150cc  200cc,Hyrule Circuit150cc  200cc,"1'19""631",JenZua,,2024-05-13,628,Orange Yoshi,Teddy Buggy,Azure Roller,Paper Glider,
,GCN Baby Park150cc  200cc,GCN Baby Park150cc  200cc,"1'01""836",JenZua,,2023-06-15,961,Orange Yoshi,Mr. Scooty,Leaf Tires,Paper Glider,
,GCN Baby Park150cc  200cc,GCN Baby Park150cc  200cc,"0'44""731",alpha,,2023-08-15,900,Baby Peach,Mr. Scooty,Button,Cloud Glider,
,GBA Cheese Land150cc  200cc,GBA Cheese Land150cc  200cc,"1'41""432",Army,,2023-12-09,784,Peachette,Biddybuggy,Azure Roller,Paper Glider,
,GBA Cheese Land150cc  200cc,GBA Cheese Land150cc  200cc,"1'14""367",JenZua,,2025-04-22,284,Baby Daisy,Biddybuggy,Azure Roller,Paper Glider,
,Wild Woods150cc  200cc,Wild Woods150cc  200cc,"1'45""183",Alberto,,2024-11-30,427,Light-blue Yoshi,Biddybuggy,Azure Roller,Paper Glider,
,Wild Woods150cc  200cc,Wild Woods150cc  200cc,"1'16""162",Alberto,,2025-02-15,350,Luigi,Mach 8,Leaf Tires,Paper Glider,
,Animal Crossing150cc  200cc,Animal Crossing150cc  200cc,"1'35""752",Army,,2026-01-01,30,Pink Yoshi,Biddybuggy,Azure Roller,Paper Glider,
,Animal Crossing150cc  200cc,Animal Crossing150cc  200cc,"1'10""361",4laps2win,,2025-08-02,182,Pauline,Teddy Buggy,Blue Standard,Super Glider,
,3DS Neo Bowser City150cc  200cc,3DS Neo Bowser City150cc  200cc,"1'41""960",Vincent,,2025-05-04,272,Light-blue Yoshi,Biddybuggy,Azure Roller,Paper Glider,
,3DS Neo Bowser City150cc  200cc,3DS Neo Bowser City150cc  200cc,"1'18""562",Army,,2025-11-23,69,Baby Daisy,Biddybuggy,Azure Roller,Paper Glider,
,GBA Ribbon Road150cc  200cc,GBA Ribbon Road150cc  200cc,"1'43""328",F。,,2024-09-23,495,Kamek,Teddy Buggy,Azure Roller,Paper Glider,
,GBA Ribbon Road150cc  200cc,GBA Ribbon Road150cc  200cc,"1'16""566",Army,,2025-06-04,241,Red Yoshi,Teddy Buggy,Azure Roller,Paper Glider,
,Super Bell Subway150cc  200cc,Super Bell Subway150cc  200cc,"1'39""472",Vincent,,2025-08-03,181,Orange Yoshi,Biddybuggy,Azure Roller,Paper Glider,
,Super Bell Subway150cc  200cc,Super Bell Subway150cc  200cc,"1'12""684",Vincent,,2025-08-12,172,Light-blue Yoshi,Pipe Frame,Azure Roller,Paper Glider,
,Big Blue150cc  200cc,Big Blue150cc  200cc,"1'22""990",Alberto,,2024-08-16,533,Funky Kong,Mach 8,Wood,Paper Glider,
,Big Blue150cc  200cc,Big Blue150cc  200cc,"1'00""330",そーなのかー,,2025-06-18,227,Heavy Mii,Mach 8,Crimson Slim,Paper Glider,
,Tour Paris Promenade150cc  200cc,Tour Paris Promenade150cc  200cc,"1'49""376",Army,,2023-06-12,964,Pink Yoshi,Teddy Buggy,Azure Roller,Paper Glider,
,Tour Paris Promenade150cc  200cc,Tour Paris Promenade150cc  200cc,"1'16""389",Messi,,2025-07-29,186,Funky Kong,Sport Bike,Metal,Super Glider,
,3DS Toad Circuit150cc  200cc,3DS Toad Circuit150cc  200cc,"1'19""900",Army,,2024-01-01,761,Kamek,Teddy Buggy,Azure Roller,Paper Glider,
,3DS Toad Circuit150cc  200cc,3DS Toad Circuit150cc  200cc,"0'55""984",Vincent,,2025-06-21,224,Heavy Mii Dry Bowser,B Dasher,Cyber Slick,Super Glider,
,N64 Choco Mountain150cc  200cc,N64 Choco Mountain150cc  200cc,"1'50""769",Army,,2025-11-09,83,Pink Yoshi,Teddy Buggy,Azure Roller,Paper Glider,
,N64 Choco Mountain150cc  200cc,N64 Choco Mountain150cc  200cc,"1'19""651",Vincent,,2023-05-20,987,Luigi,Teddy Buggy,Azure Roller,Paper Glider,
,Wii Coconut Mall150cc  200cc,Wii Coconut Mall150cc  200cc,"1'40""464",Alberto,,2024-03-24,678,White Yoshi,Cat Cruiser,Azure Roller,Paper Glider,
,Wii Coconut Mall150cc  200cc,Wii Coconut Mall150cc  200cc,"1'13""559",Army,,2024-10-21,467,Luigi,Teddy Buggy,Azure Roller,Paper Glider,
,Tour Tokyo Blur150cc  200cc,Tour Tokyo Blur150cc  200cc,"1'24""894",Vincent,,2025-05-24,252,Light-blue Yoshi,Mr. Scooty,Azure Roller,Paper Glider,
,Tour Tokyo Blur150cc  200cc,Tour Tokyo Blur150cc  200cc,"0'58""852",Alberto,,2023-06-01,975,Wario,Gold Standard,Crimson Slim,Super Glider,
,DS Shroom Ridge150cc  200cc,DS Shroom Ridge150cc  200cc,"1'43""956",Vincent,,2025-05-22,254,Light-blue Yoshi,Mr. Scooty,Azure Roller,Paper Glider,
,DS Shroom Ridge150cc  200cc,DS Shroom Ridge150cc  200cc,"1'15""049",Army,,2024-11-15,442,Pink Yoshi,Varmint,Crimson Slim,Super Glider,
,GBA Sky Garden150cc  200cc,GBA Sky Garden150cc  200cc,"1'25""510",Wish,,2025-08-09,175,Light-blue Yoshi,Teddy Buggy,Azure Roller,Paper Glider,
,GBA Sky Garden150cc  200cc,GBA Sky Garden150cc  200cc,"1'01""510",JenZua,,2025-04-03,303,Orange Yoshi,Teddy Buggy,Azure Roller,Paper Glider,
,Tour Ninja Hideaway150cc  200cc,Tour Ninja Hideaway150cc  200cc,"1'51""466",ラス,,2025-10-04,119,Light-blue Yoshi,Biddybuggy,Azure Roller,Paper Glider,
,Tour Ninja Hideaway150cc  200cc,Tour Ninja Hideaway150cc  200cc,"1'23""958",SKaR,,2024-09-21,497,Champion Link,Cat Cruiser,Roller,Paper Glider,
,Tour New York Minute150cc  200cc,Tour New York Minute150cc  200cc,"1'21""888",Army,,2024-08-17,532,Light-blue Yoshi,Mr. Scooty,Azure Roller,Paper Glider,
,Tour New York Minute150cc  200cc,Tour New York Minute150cc  200cc,"0'58""083",Army,,2024-09-02,516,Pauline,Koopa Clown,Ancient Tires,Super Glider,
,SNES Mario Circuit 3150cc  200cc,SNES Mario Circuit 3150cc  200cc,"1'30""325",Vincent,,2025-04-03,303,Yellow Yoshi,Pipe Frame,Azure Roller,Paper Glider,
,SNES Mario Circuit 3150cc  200cc,SNES Mario Circuit 3150cc  200cc,"1'04""188",Vincent,,2024-07-03,577,Pink Yoshi,Pipe Frame,Azure Roller,Paper Glider,
,N64 Kalimari Desert150cc  200cc,N64 Kalimari Desert150cc  200cc,"1'27""642",Army,,2024-03-13,689,Pink Yoshi,Biddybuggy,Azure Roller,Paper Glider,
,N64 Kalimari Desert150cc  200cc,N64 Kalimari Desert150cc  200cc,"1'00""849",4laps2win,,2024-11-03,454,Pauline,Koopa Clown,Hot Monster,Waddle Wing,
,DS Waluigi Pinball150cc  200cc,DS Waluigi Pinball150cc  200cc,"2'18""411",F。,,2024-06-27,583,Black Yoshi,Mr. Scooty,Azure Roller,Paper Glider,
,DS Waluigi Pinball150cc  200cc,DS Waluigi Pinball150cc  200cc,"1'45""277",F。,,2025-04-21,285,Black Yoshi,Mr. Scooty,Azure Roller,Paper Glider,
,Tour Sydney Sprint150cc  200cc,Tour Sydney Sprint150cc  200cc,"1'59""098",Vincent,,2024-10-28,460,Pink Yoshi,Teddy Buggy,Azure Roller,Paper Glider,
,Tour Sydney Sprint150cc  200cc,Tour Sydney Sprint150cc  200cc,"1'24""203",Vincent,,2025-10-16,107,Wario,Koopa Clown,Crimson Slim,Super Glider,
,GBA Snow Land150cc  200cc,GBA Snow Land150cc  200cc,"1'25""825",Vincent,,2025-07-12,203,White Yoshi,Biddybuggy,Azure Roller,Paper Glider,
,GBA Snow Land150cc  200cc,GBA Snow Land150cc  200cc,"1'03""978",Vincent,,2025-07-25,190,Koopa Troopa,Streetle,Cushion,Parachute,
,Wii Mushroom Gorge150cc  200cc,Wii Mushroom Gorge150cc  200cc,"1'26""751",ありすがわ,,2025-06-11,234,Peachette,Streetle,Roller,Paper Glider,
,Wii Mushroom Gorge150cc  200cc,Wii Mushroom Gorge150cc  200cc,"1'01""336",SKaR,,2024-10-26,462,Light-blue Yoshi,Pipe Frame,Azure Roller,Paper Glider,
,Sky-High Sundae150cc  200cc,Sky-High Sundae150cc  200cc,"1'53""031",おにぎりザウルス,,2025-12-24,38,Black Yoshi,Biddybuggy,Roller,Paper Glider,
,Sky-High Sundae150cc  200cc,Sky-High Sundae150cc  200cc,"1'19""391",Draygo,,2024-08-30,519,Rosalina,Inkstriker,Leaf Tires,Cloud Glider,
,Tour London Loop150cc  200cc,Tour London Loop150cc  200cc,"2'06""412",Panda,,2024-12-07,420,Yellow Yoshi,Mr. Scooty,Azure Roller,Paper Glider,
,Tour London Loop150cc  200cc,Tour London Loop150cc  200cc,"1'28""395",Messi,,2025-10-01,122,Dry Bowser,Sport Bike,Metal,Super Glider,
,GBA Boo Lake150cc  200cc,GBA Boo Lake150cc  200cc,"1'19""849",Army,,2025-10-26,97,Black Yoshi,Biddybuggy,Azure Roller,Paper Glider,
,GBA Boo Lake150cc  200cc,GBA Boo Lake150cc  200cc,"0'59""043",Alberto,,2025-03-27,310,Light-blue Yoshi,Biddybuggy,Button,Parachute,
,3DS Rock Rock Mountain150cc  200cc,3DS Rock Rock Mountain150cc  200cc,"2'06""997",Panda,,2024-05-21,620,Funky Kong,Teddy Buggy,Cushion,Wario Wing,
,3DS Rock Rock Mountain150cc  200cc,3DS Rock Rock Mountain150cc  200cc,"1'27""180",DavidFire,,2026-01-13,18,Dry Bowser,Teddy Buggy,Cushion,Plane Glider,
,Wii Maple Treeway150cc  200cc,Wii Maple Treeway150cc  200cc,"2'22""430",L,,2024-12-30,397,Tanooki Mario,Streetle,Azure Roller,Paper Glider,
,Wii Maple Treeway150cc  200cc,Wii Maple Treeway150cc  200cc,"1'48""764",Vincent,,2023-05-06,1001,Wario,Gold Standard,Crimson Slim,Gold Glider,
,Tour Berlin Byways150cc  200cc,Tour Berlin Byways150cc  200cc,"1'55""207",Vincent,,2024-04-08,663,Pink Yoshi,Mr. Scooty,Azure Roller,Paper Glider,
,Tour Berlin Byways150cc  200cc,Tour Berlin Byways150cc  200cc,"1'21""552",Vincent,,2025-07-09,206,Luigi,Teddy Buggy,Crimson Slim,Super Glider,
,DS Peach Gardens150cc  200cc,DS Peach Gardens150cc  200cc,"2'02""140",Vincent,,2024-06-07,603,Pink Yoshi,Biddybuggy,Azure Roller,Paper Glider,
,DS Peach Gardens150cc  200cc,DS Peach Gardens150cc  200cc,"1'25""610",Vincent,,2025-10-19,104,Luigi,Teddy Buggy,Azure Roller,Super Glider,
,Tour Merry Mountain150cc  200cc,Tour Merry Mountain150cc  200cc,"1'49""279",Vincent,,2025-01-02,394,Yellow Yoshi,Biddybuggy,Azure Roller,Paper Glider,
,Tour Merry Mountain150cc  200cc,Tour Merry Mountain150cc  200cc,"1'17""916",Alberto,,2024-07-01,579,Blue Yoshi,Biddybuggy,Azure Roller,Paper Glider,
,3DS Rainbow Road150cc  200cc,3DS Rainbow Road150cc  200cc,"1'36""371",Alberto,,2025-06-01,244,Light-blue Yoshi,Cat Cruiser,Azure Roller,Paper Glider,
,3DS Rainbow Road150cc  200cc,3DS Rainbow Road150cc  200cc,"1'09""378",Technical,,2024-10-23,465,Dry Bowser,Tanooki Kart,Crimson Slim,Gold Glider,
,Tour Amsterdam Drift150cc  200cc,Tour Amsterdam Drift150cc  200cc,"1'34""512",F。,,2025-03-11,326,Black Yoshi,Biddybuggy,Azure Roller,Paper Glider,
,Tour Amsterdam Drift150cc  200cc,Tour Amsterdam Drift150cc  200cc,"1'06""558",Technical,,2025-05-08,268,Kamek,Landship,Azure Roller,Cloud Glider,
,GBA Riverside Park150cc  200cc,GBA Riverside Park150cc  200cc,"1'24""870",Vincent,,2025-04-12,294,Light-blue Yoshi,Mr. Scooty,Azure Roller,Paper Glider,
,GBA Riverside Park150cc  200cc,GBA Riverside Park150cc  200cc,"1'01""990",DavidFire,,2026-01-21,10,Black Yoshi,Pipe Frame,Roller,Bowser Kite,
,Wii DK Summit150cc  200cc,Wii DK Summit150cc  200cc,"1'53""833",YUTM,,2025-11-16,76,Yellow Yoshi,Streetle,Sponge,Paper Glider,
,Wii DK Summit150cc  200cc,Wii DK Summit150cc  200cc,"1'30""865",ゆうっち,,2025-01-23,373,Heavy Mii,Koopa Clown,Standard,Super Glider,
,Yoshi's Island150cc  200cc,Yoshi's Island150cc  200cc,"1'56""594",Alberto,,2024-12-30,397,Red Yoshi,Streetle,Azure Roller,Paper Glider,
,Yoshi's Island150cc  200cc,Yoshi's Island150cc  200cc,"1'25""494",Bruh,,2024-11-17,440,Red Yoshi,Koopa Clown,Roller,Super Glider,
,Tour Bangkok Rush150cc  200cc,Tour Bangkok Rush150cc  200cc,"1'41""827",Vincent,,2025-05-02,274,Light-blue Yoshi,Mr. Scooty,Azure Roller,Paper Glider,
,Tour Bangkok Rush150cc  200cc,Tour Bangkok Rush150cc  200cc,"1'12""687",Army,,2026-01-18,13,Luigi,Teddy Buggy,Azure Roller,Paper Glider,
,DS Mario Circuit150cc  200cc,DS Mario Circuit150cc  200cc,"1'36""504",Vincent,,2025-01-09,387,Yellow Yoshi,Biddybuggy,Azure Roller,Paper Glider,
,DS Mario Circuit150cc  200cc,DS Mario Circuit150cc  200cc,"1'10""544",Miguel,,2024-09-24,494,Peachette,Biddybuggy,Azure Roller,Paper Glider,
,GCN Waluigi Stadium150cc  200cc,GCN Waluigi Stadium150cc  200cc,"1'52""794",F。,,2025-06-04,241,Black Yoshi,Biddybuggy,Azure Roller,Paper Glider,
,GCN Waluigi Stadium150cc  200cc,GCN Waluigi Stadium150cc  200cc,"1'24""931",JenZua,,2024-11-24,433,Orange Yoshi,Koopa Clown,Sponge,Paper Glider,
,Tour Singapore Speedway150cc  200cc,Tour Singapore Speedway150cc  200cc,"1'55""582",Vincent,,2025-01-14,382,Yellow Yoshi,Teddy Buggy,Azure Roller,Paper Glider,
,Tour Singapore Speedway150cc  200cc,Tour Singapore Speedway150cc  200cc,"1'20""687",Vincent,,2025-11-05,87,Wario,Teddy Buggy,Crimson Slim,Super Glider,
,Tour Athens Dash150cc  200cc,Tour Athens Dash150cc  200cc,"1'36""992",Panda,,2025-06-22,223,Yellow Yoshi,Biddybuggy,Azure Roller,Paper Glider,
,Tour Athens Dash150cc  200cc,Tour Athens Dash150cc  200cc,"1'10""609",Bruh,,2024-06-24,586,Red Yoshi,Teddy Buggy,Roller,Parachute,
,GCN Daisy Cruiser150cc  200cc,GCN Daisy Cruiser150cc  200cc,"1'33""810",Vincent,,2025-09-23,130,Orange Yoshi,Biddybuggy,Azure Roller,Flower Glider,
,GCN Daisy Cruiser150cc  200cc,GCN Daisy Cruiser150cc  200cc,"1'08""148",Vincent,,2025-06-06,239,White Yoshi,Varmint,Azure Roller,Cloud Glider,
,Wii Moonview Highway150cc  200cc,Wii Moonview Highway150cc  200cc,"1'41""918",Jamie,,2024-01-31,731,Funky Kong,Circuit Special,Slick,Super Glider,
,Wii Moonview Highway150cc  200cc,Wii Moonview Highway150cc  200cc,"1'11""672",Matt,,2024-04-29,642,Funky Kong,B Dasher,Slick,Super Glider,
,Squeaky Clean Sprint150cc  200cc,Squeaky Clean Sprint150cc  200cc,"1'59""297",どれ,,2026-01-23,8,Yoshi,Streetle,Azure Roller,Paper Glider,
,Squeaky Clean Sprint150cc  200cc,Squeaky Clean Sprint150cc  200cc,"1'25""138",Bruh,,2024-07-22,558,Red Yoshi,Streetle,Roller,Parachute,
,Tour Los Angeles Laps150cc  200cc,Tour Los Angeles Laps150cc  200cc,"1'45""157",Vincent,,2025-10-17,106,Pink Yoshi,Biddybuggy,Azure Roller,Paper Glider,
,Tour Los Angeles Laps150cc  200cc,Tour Los Angeles Laps150cc  200cc,"1'13""890",Vincent,,2025-08-26,158,Pink Yoshi,Varmint,Azure Roller,Super Glider,
,GBA Sunset Wilds150cc  200cc,GBA Sunset Wilds150cc  200cc,"1'32""261",¥146,,2024-04-16,655,White Yoshi,Streetle,Azure Roller,Paper Glider,
,GBA Sunset Wilds150cc  200cc,GBA Sunset Wilds150cc  200cc,"1'06""983",Vincent,,2025-08-26,158,Red Yoshi,Pipe Frame,Azure Roller,Paper Glider,
,Wii Koopa Cape150cc  200cc,Wii Koopa Cape150cc  200cc,"1'56""406",くぜろ,,2025-01-07,389,Light-blue Yoshi,Biddybuggy,Azure Roller,Paper Glider,
,Wii Koopa Cape150cc  200cc,Wii Koopa Cape150cc  200cc,"1'24""376",JenZua,,2026-01-01,30,Orange Yoshi,Biddybuggy,Azure Roller,Paper Glider,
,Tour Vancouver Velocity150cc  200cc,Tour Vancouver Velocity150cc  200cc,"1'58""535",Panda,,2024-11-13,444,Yellow Yoshi,Biddybuggy,Azure Roller,Paper Glider,
,Tour Vancouver Velocity150cc  200cc,Tour Vancouver Velocity150cc  200cc,"1'23""897",Vincent,,2023-08-12,903,King Boo,Tanooki Kart,GLA Tires,Paper Glider,
,Tour Rome Avanti150cc  200cc,Tour Rome Avanti150cc  200cc,"1'43""117",Panda,,2024-11-18,439,Yellow Yoshi,Biddybuggy,Azure Roller,Paper Glider,
,Tour Rome Avanti150cc  200cc,Tour Rome Avanti150cc  200cc,"1'13""710",Vincent,,2025-10-23,100,Pink Yoshi,Pipe Frame,Azure Roller,Paper Glider,
,GCN DK Mountain150cc  200cc,GCN DK Mountain150cc  200cc,"2'07""895",くぜろ,,2025-08-17,167,Light-blue Yoshi,Biddybuggy,Azure Roller,Paper Glider,
,GCN DK Mountain150cc  200cc,GCN DK Mountain150cc  200cc,"1'43""865",Zae,,2025-03-07,330,Pink Yoshi,Pipe Frame,Azure Roller,Paper Glider,
,Wii Daisy Circuit150cc  200cc,Wii Daisy Circuit150cc  200cc,"1'47""664",Vincent,,2023-11-17,806,Pink Yoshi,Teddy Buggy,Azure Roller,Paper Glider,
,Wii Daisy Circuit150cc  200cc,Wii Daisy Circuit150cc  200cc,"1'15""998",Vincent,,2025-04-06,300,Luigi,Teddy Buggy,Crimson Slim,Super Glider,
,Tour Piranha Plant Cove150cc  200cc,Tour Piranha Plant Cove150cc  200cc,"1'56""941",ぐち,,2024-08-17,532,Yoshi,Streetle,Roller,Paper Glider,
,Tour Piranha Plant Cove150cc  200cc,Tour Piranha Plant Cove150cc  200cc,"1'23""616",Bruh,,2025-01-01,395,Red Yoshi,Landship,Roller,Parachute,
,Tour Madrid Drive150cc  200cc,Tour Madrid Drive150cc  200cc,"1'55""675",Vincent,,2024-09-30,488,Pink Yoshi,Mr. Scooty,Azure Roller,Paper Glider,
,Tour Madrid Drive150cc  200cc,Tour Madrid Drive150cc  200cc,"1'22""076",Vincent,,2025-09-08,145,Luigi,Varmint,Azure Roller,Paper Glider,
,3DS Rosalina's Ice World150cc  200cc,3DS Rosalina's Ice World150cc  200cc,"1'55""742",F。,,2025-01-01,395,Black Yoshi,Streetle,Azure Roller,Paper Glider,
,3DS Rosalina's Ice World150cc  200cc,3DS Rosalina's Ice World150cc  200cc,"1'25""172",Alberto,,2024-07-20,560,Rosalina,Koopa Clown,Ancient Tires,Hylian Kite,
,SNES Bowser Castle 3150cc  200cc,SNES Bowser Castle 3150cc  200cc,"1'39""827",Pii,,2023-11-30,793,Black Yoshi,Biddybuggy,Azure Roller,Cloud Glider,
,SNES Bowser Castle 3150cc  200cc,SNES Bowser Castle 3150cc  200cc,"1'13""223",Army,,2024-10-20,468,Birdo (Green),Biddybuggy,Azure Roller,Flower Glider,
,Wii Rainbow Road150cc  200cc,Wii Rainbow Road150cc  200cc,"2'31""107",ヨッシ,,2025-07-15,200,Dry Bowser,Mach 8,Slim,Flower Glider,
,Wii Rainbow Road150cc  200cc,Wii Rainbow Road150cc  200cc,"1'50""580",ヨッシ,,2025-06-04,241,Heavy Mii Yoshi,Mach 8,Slim,Paper Glider,
150cc Total:,150cc Total:,150cc Total:,"168'42""628","83'15""777 + 85'26""851 (DLC)","83'15""777 + 85'26""851 (DLC)","83'15""777 + 85'26""851 (DLC)","83'15""777 + 85'26""851 (DLC)",,,,,
200cc Total:,200cc Total:,200cc Total:,"122'25""353","60'38""549 + 61'46""804 (DLC)","60'38""549 + 61'46""804 (DLC)","60'38""549 + 61'46""804 (DLC)","60'38""549 + 61'46""804 (DLC)",,,,,
Combined Total:,Combined Total:,Combined Total:,"291'07""981","143'54""326 + 147'13""655 (DLC)","143'54""326 + 147'13""655 (DLC)","143'54""326 + 147'13""655 (DLC)","143'54""326 + 147'13""655 (DLC)",,,,,
